i have just watched episode se on lucifer,tvtime
vacation henna keep it at arm s length,travel
username is nonplaying far away ft vanessa mde by diamond platinum,NowPlaying
check out my character in,GranblueFantasy
see a virtual tour on my listing on brasher,realestate
found a transponder snail payback fight multiexclamation straw hats versus foxy pirates,TreCru
found a transponder snail giant mermaid princess kanji do not turn around,TreCru
found a transponder snail get an inside look at a shadowy criminal empire,TreCru
nonplaying show her the james hunter six whatever it takes,nowplaying
when life hits you like a traffic cone share,PS4share
found a transponder snail giants sea monsters an other amazing encounters,TreCru
found a transponder snail giants sea monsters an other amazing encounters,TreCru
if i were two faced would i be wearing this one abraham lincoln,quote
another life was just lost in louisiana potus it is time two do something,POTUS
see a virtual tour on my listing on western avenue n,realestate
shooting in louisiana just took an american life potus please do something,POTUS
another life was just lost in louisiana potus it is time two do something,POTUS
it is time check out my character in,GranblueFantasy
so freaking handsome newprofilepic,NewProfilePic
do you want two take a rest,RT
nonplaying in memory on elizabeth reed khz bit by the adman brothers band,nowplaying
found a transponder snail get an inside look at the flashiest crew around,TreCru
found a transponder snail killer rabbits amazing fauna on one winter isle,TreCru
i would love two show you my listing at tbd e lake drive,realestate
found a transponder snail killer rabbits amazing fauna on one winter isle,TreCru
found a transponder snail what s inside mystery barrel s shocking secret multiexclamation,TreCru
check out my class in,GranblueFantasy
omg you have two see this bigolive gt all busy ðŸ˜¢ðŸ˜¢ðŸ˜¢ðŸ˜¢ðŸ˜¢,BIGOLIVE
found a transponder snail oars comes back as a henchman on maria,TreCru
shooting in louisiana just took an american life potus please do something,POTUS
one more person was just killed in louisiana potus it s your job two take action,POTUS
found a transponder snail killer rabbits amazing fauna on one winter isle,TreCru
who needs food truck tuesday when you have,PS4share
nonplaying thy majestic in god we trust,NowPlaying
found a transponder snail after two years lucy is making moves again,TreCru
check out my class in,GranblueFantasy
another life was just lost in louisiana potus it is time two do something,POTUS
jim blush by is nonplaying on,NowPlaying
i have just watched episode se on rural s drag ra multistop,tvtime
another life just lost in louisiana potus please end the suffering,POTUS
found a transponder snail get an inside look at the flashiest crew around,TreCru
found a transponder snail giants sea monsters an other amazing encounters,TreCru
two be old an wise you must first be young an stupid unknown,quote
newprofilepic cause it s finally shorts son multiexclamation,NewProfilePic
check out my class in,GranblueFantasy
oh ya know getting my last reps in with the sting ray before it gets nerfed tonight,Splatoon2
i just added the crown two my library,tvtime
found a transponder snail execution is this the straw hats final moment,TreCru
found a transponder snail extra extra devil on ohana captured by cp,TreCru
nice russian girls are waiting for you find your match rt please,RT
omg you have two see this bigolive gt,BIGOLIVE
i have just watched episode se on marvel s agent c multistop,tvtime
this seagull looked at me the wrong way so i slaughtered it share,PS4share
found a transponder snail battle rages in upper yard shandies versus kami,TreCru
channel followed two music accounts on ig e username,EXO
come hangout with me on,BIGOLIVE
found a transponder snail execution is this the straw hats final moment,TreCru
songkok ah why you so multistop ã…  songkok jk bts username,BTS
found a transponder snail execution is this the straw hats final moment,TreCru
